station_name,latitude,longitude,routes,neighborhood,cd,borough
Astoria-Ditmars Blvd,40.775036,-73.912034,N W,QN01 Astoria-Queensbridge (CD 1 Equivalent),QN01,QUEENS
Astoria Blvd,40.770258,-73.917843,N W,QN01 Astoria-Queensbridge (CD 1 Equivalent),QN01,QUEENS
30 Av,40.766779,-73.921479,N W,QN01 Astoria-Queensbridge (CD 1 Equivalent),QN01,QUEENS
Broadway,40.76182,-73.925508,N W,QN01 Astoria-Queensbridge (CD 1 Equivalent),QN01,QUEENS
36 Av,40.756804,-73.929575,N W,QN01 Astoria-Queensbridge (CD 1 Equivalent),QN01,QUEENS
39 Av-Dutch Kills,40.752882,-73.932755,N W,QN01 Astoria-Queensbridge (CD 1 Equivalent),QN01,QUEENS
Lexington Av/59 St,40.76266,-73.967258,N R W,MN08 Upper East Side-Roosevelt Island (CD 8 Equivalent),MN08,MANHATTAN
5 Av/59 St,40.764811,-73.973347,N R W,MN64 Central Park (JIA 64 Equivalent),MN64,MANHATTAN
57 St-7 Av,40.764664,-73.980658,N Q R W,MN05 Midtown-Flatiron-Union Square (CD 5 Approximation),MN05,MANHATTAN
49 St,40.759901,-73.984139,N R W,MN05 Midtown-Flatiron-Union Square (CD 5 Approximation),MN05,MANHATTAN
Times Sq-42 St,40.754672,-73.986754,N Q R W,MN05 Midtown-Flatiron-Union Square (CD 5 Approximation),MN05,MANHATTAN
34 St-Herald Sq,40.749567,-73.98795,N Q R W,MN05 Midtown-Flatiron-Union Square (CD 5 Approximation),MN05,MANHATTAN
28 St,40.745494,-73.988691,R W,MN05 Midtown-Flatiron-Union Square (CD 5 Approximation),MN05,MANHATTAN
23 St,40.741303,-73.989344,R W,MN05 Midtown-Flatiron-Union Square (CD 5 Approximation),MN05,MANHATTAN
14 St-Union Sq,40.735736,-73.990568,N Q R W,MN05 Midtown-Flatiron-Union Square (CD 5 Approximation),MN05,MANHATTAN
8 St-NYU,40.730328,-73.992629,R W,MN02 Greenwich Village-SoHo (CD 2 Equivalent),MN02,MANHATTAN
Prince St,40.724329,-73.997702,R W,MN02 Greenwich Village-SoHo (CD 2 Equivalent),MN02,MANHATTAN
Canal St,40.719527,-74.001775,R W,MN02 Greenwich Village-SoHo (CD 2 Equivalent),MN02,MANHATTAN
Canal St,40.718383,-74.00046,N Q,MN02 Greenwich Village-SoHo (CD 2 Equivalent),MN02,MANHATTAN
City Hall,40.713282,-74.006978,R W,MN01 Financial District-Tribeca (CD 1 Equivalent),MN01,MANHATTAN
Cortlandt St,40.710668,-74.011029,R W,MN01 Financial District-Tribeca (CD 1 Equivalent),MN01,MANHATTAN
Rector St,40.70722,-74.013342,R W,MN01 Financial District-Tribeca (CD 1 Equivalent),MN01,MANHATTAN
Whitehall St-South Ferry,40.703087,-74.012994,R W,MN01 Financial District-Tribeca (CD 1 Equivalent),MN01,MANHATTAN
Court St,40.6941,-73.991777,R,BK02 Downtown Brooklyn-Fort Greene (CD 2 Approximation),BK02,BROOKLYN
Jay St-MetroTech,40.69218,-73.985942,R,BK02 Downtown Brooklyn-Fort Greene (CD 2 Approximation),BK02,BROOKLYN
DeKalb Av,40.690635,-73.981824,B Q R,BK02 Downtown Brooklyn-Fort Greene (CD 2 Approximation),BK02,BROOKLYN
Atlantic Av-Barclays Ctr,40.683666,-73.97881,D N R,BK06 Park Slope-Carroll Gardens (CD 6 Approximation),BK06,BROOKLYN
Union St,40.677316,-73.98311,R,BK06 Park Slope-Carroll Gardens (CD 6 Approximation),BK06,BROOKLYN
4 Av-9 St,40.670847,-73.988302,R,BK06 Park Slope-Carroll Gardens (CD 6 Approximation),BK06,BROOKLYN
Prospect Av,40.665414,-73.992872,R,BK07 Sunset Park-Windsor Terrace (CD 7 Approximation),BK07,BROOKLYN
25 St,40.660397,-73.998091,R,BK07 Sunset Park-Windsor Terrace (CD 7 Approximation),BK07,BROOKLYN
36 St,40.655144,-74.003549,D N R,BK07 Sunset Park-Windsor Terrace (CD 7 Approximation),BK07,BROOKLYN
45 St,40.648939,-74.010006,R,BK07 Sunset Park-Windsor Terrace (CD 7 Approximation),BK07,BROOKLYN
53 St,40.645069,-74.014034,R,BK07 Sunset Park-Windsor Terrace (CD 7 Approximation),BK07,BROOKLYN
59 St,40.641362,-74.017881,N R,BK07 Sunset Park-Windsor Terrace (CD 7 Approximation),BK07,BROOKLYN
Bay Ridge Av,40.634967,-74.023377,R,BK10 Bay Ridge-Dyker Heights (CD 10 Approximation),BK10,BROOKLYN
77 St,40.629742,-74.02551,R,BK10 Bay Ridge-Dyker Heights (CD 10 Approximation),BK10,BROOKLYN
86 St,40.622687,-74.028398,R,BK10 Bay Ridge-Dyker Heights (CD 10 Approximation),BK10,BROOKLYN
Bay Ridge-95 St,40.616622,-74.030876,R,BK10 Bay Ridge-Dyker Heights (CD 10 Approximation),BK10,BROOKLYN
Atlantic Av-Barclays Ctr,40.68446,-73.97689,B Q,BK02 Downtown Brooklyn-Fort Greene (CD 2 Approximation),BK02,BROOKLYN
7 Av,40.67705,-73.972367,B Q,BK08 Crown Heights (North) (CD 8 Approximation),BK08,BROOKLYN
Prospect Park,40.661614,-73.962246,B Q S,BK09 Crown Heights (South) (CD 9 Approximation),BK09,BROOKLYN
Parkside Av,40.655292,-73.961495,Q,BK09 Crown Heights (South) (CD 9 Approximation),BK09,BROOKLYN
Church Av,40.650527,-73.962982,B Q,BK14 Flatbush-Midwood (CD 14 Approximation),BK14,BROOKLYN
Beverley Rd,40.644031,-73.964492,Q,BK14 Flatbush-Midwood (CD 14 Approximation),BK14,BROOKLYN
Cortelyou Rd,40.640927,-73.963891,Q,BK14 Flatbush-Midwood (CD 14 Approximation),BK14,BROOKLYN
Newkirk Plaza,40.635082,-73.962793,B Q,BK14 Flatbush-Midwood (CD 14 Approximation),BK14,BROOKLYN
Avenue H,40.62927,-73.961639,Q,BK14 Flatbush-Midwood (CD 14 Approximation),BK14,BROOKLYN
Avenue J,40.625039,-73.960803,Q,BK14 Flatbush-Midwood (CD 14 Approximation),BK14,BROOKLYN
Avenue M,40.617618,-73.959399,Q,BK14 Flatbush-Midwood (CD 14 Approximation),BK14,BROOKLYN
Kings Hwy,40.60867,-73.957734,B Q,BK15 Sheepshead Bay-Gravesend (East) (CD 15 Approximation),BK15,BROOKLYN
Avenue U,40.5993,-73.955929,Q,BK15 Sheepshead Bay-Gravesend (East) (CD 15 Approximation),BK15,BROOKLYN
Neck Rd,40.595246,-73.955161,Q,BK15 Sheepshead Bay-Gravesend (East) (CD 15 Approximation),BK15,BROOKLYN
Sheepshead Bay,40.586896,-73.954155,B Q,BK15 Sheepshead Bay-Gravesend (East) (CD 15 Approximation),BK15,BROOKLYN
Brighton Beach,40.577621,-73.961376,B Q,BK13 Coney Island-Brighton Beach (CD 13 Approximation),BK13,BROOKLYN
Ocean Pkwy,40.576312,-73.968501,Q,BK13 Coney Island-Brighton Beach (CD 13 Approximation),BK13,BROOKLYN
W 8 St-NY Aquarium,40.576127,-73.975939,F Q,BK13 Coney Island-Brighton Beach (CD 13 Approximation),BK13,BROOKLYN
Coney Island-Stillwell Av,40.577422,-73.981233,D F N Q,BK13 Coney Island-Brighton Beach (CD 13 Approximation),BK13,BROOKLYN
9 Av,40.646292,-73.994324,D,BK12 Borough Park-Kensington (CD 12 Approximation),BK12,BROOKLYN
Fort Hamilton Pkwy,40.640914,-73.994304,D,BK12 Borough Park-Kensington (CD 12 Approximation),BK12,BROOKLYN
50 St,40.63626,-73.994791,D,BK12 Borough Park-Kensington (CD 12 Approximation),BK12,BROOKLYN
55 St,40.631435,-73.995476,D,BK12 Borough Park-Kensington (CD 12 Approximation),BK12,BROOKLYN
62 St,40.626472,-73.996895,D,BK11 Bensonhurst-Bath Beach (CD 11 Approximation),BK11,BROOKLYN
71 St,40.619589,-73.998864,D,BK11 Bensonhurst-Bath Beach (CD 11 Approximation),BK11,BROOKLYN
79 St,40.613501,-74.00061,D,BK11 Bensonhurst-Bath Beach (CD 11 Approximation),BK11,BROOKLYN
18 Av,40.607954,-74.001736,D,BK11 Bensonhurst-Bath Beach (CD 11 Approximation),BK11,BROOKLYN
20 Av,40.604556,-73.998168,D,BK11 Bensonhurst-Bath Beach (CD 11 Approximation),BK11,BROOKLYN
Bay Pkwy,40.601875,-73.993728,D,BK11 Bensonhurst-Bath Beach (CD 11 Approximation),BK11,BROOKLYN
25 Av,40.597704,-73.986829,D,BK11 Bensonhurst-Bath Beach (CD 11 Approximation),BK11,BROOKLYN
Bay 50 St,40.588841,-73.983765,D,BK13 Coney Island-Brighton Beach (CD 13 Approximation),BK13,BROOKLYN
8 Av,40.635064,-74.011719,N,BK07 Sunset Park-Windsor Terrace (CD 7 Approximation),BK07,BROOKLYN
Fort Hamilton Pkwy,40.631386,-74.005351,N,BK12 Borough Park-Kensington (CD 12 Approximation),BK12,BROOKLYN
New Utrecht Av,40.624842,-73.996353,N,BK11 Bensonhurst-Bath Beach (CD 11 Approximation),BK11,BROOKLYN
18 Av,40.620671,-73.990414,N,BK11 Bensonhurst-Bath Beach (CD 11 Approximation),BK11,BROOKLYN
20 Av,40.61741,-73.985026,N,BK11 Bensonhurst-Bath Beach (CD 11 Approximation),BK11,BROOKLYN
Bay Pkwy,40.611815,-73.981848,N,BK11 Bensonhurst-Bath Beach (CD 11 Approximation),BK11,BROOKLYN
Kings Hwy,40.603923,-73.980353,N,BK11 Bensonhurst-Bath Beach (CD 11 Approximation),BK11,BROOKLYN
Avenue U,40.597473,-73.979137,N,BK11 Bensonhurst-Bath Beach (CD 11 Approximation),BK11,BROOKLYN
86 St,40.592721,-73.97823,N,BK15 Sheepshead Bay-Gravesend (East) (CD 15 Approximation),BK15,BROOKLYN
121 St,40.700492,-73.828294,J Z,QN09 Kew Gardens-Richmond Hill-Woodhaven (CD 9 Approximation),QN09,QUEENS
111 St,40.697418,-73.836345,J,QN09 Kew Gardens-Richmond Hill-Woodhaven (CD 9 Approximation),QN09,QUEENS
104 St,40.695178,-73.84433,J Z,QN09 Kew Gardens-Richmond Hill-Woodhaven (CD 9 Approximation),QN09,QUEENS
Woodhaven Blvd,40.693879,-73.851576,J Z,QN09 Kew Gardens-Richmond Hill-Woodhaven (CD 9 Approximation),QN09,QUEENS
85 St-Forest Pkwy,40.692435,-73.86001,J,QN09 Kew Gardens-Richmond Hill-Woodhaven (CD 9 Approximation),QN09,QUEENS
75 St-Elderts Ln,40.691324,-73.867139,J Z,QN09 Kew Gardens-Richmond Hill-Woodhaven (CD 9 Approximation),QN09,QUEENS
Cypress Hills,40.689941,-73.87255,J,BK05 East New York-Cypress Hills (CD 5 Approximation),BK05,BROOKLYN
Crescent St,40.683194,-73.873785,J Z,BK05 East New York-Cypress Hills (CD 5 Approximation),BK05,BROOKLYN
Norwood Av,40.68141,-73.880039,J Z,BK05 East New York-Cypress Hills (CD 5 Approximation),BK05,BROOKLYN
Cleveland St,40.679947,-73.884639,J,BK05 East New York-Cypress Hills (CD 5 Approximation),BK05,BROOKLYN
Van Siclen Av,40.678024,-73.891688,J Z,BK05 East New York-Cypress Hills (CD 5 Approximation),BK05,BROOKLYN
Alabama Av,40.676992,-73.898654,J Z,BK05 East New York-Cypress Hills (CD 5 Approximation),BK05,BROOKLYN
Broadway Junction,40.679498,-73.904512,J Z,BK04 Bushwick (CD 4 Equivalent),BK04,BROOKLYN
Chauncey St,40.682893,-73.910456,J Z,BK16 Ocean Hill-Brownsville (CD 16 Approximation),BK16,BROOKLYN
Halsey St,40.68637,-73.916559,J,BK04 Bushwick (CD 4 Equivalent),BK04,BROOKLYN
Gates Av,40.68963,-73.92227,J Z,BK04 Bushwick (CD 4 Equivalent),BK04,BROOKLYN
Kosciuszko St,40.693342,-73.928814,J,BK04 Bushwick (CD 4 Equivalent),BK04,BROOKLYN
Myrtle Av,40.697207,-73.935657,M J Z,BK03 Bedford-Stuyvesant (CD 3 Approximation),BK03,BROOKLYN
Flushing Av,40.70026,-73.941126,M J,BK03 Bedford-Stuyvesant (CD 3 Approximation),BK03,BROOKLYN
Lorimer St,40.703869,-73.947408,M J,BK01 Williamsburg-Greenpoint (CD 1 Equivalent),BK01,BROOKLYN
Hewes St,40.70687,-73.953431,M J,BK01 Williamsburg-Greenpoint (CD 1 Equivalent),BK01,BROOKLYN
Marcy Av,40.708359,-73.957757,M J Z,BK01 Williamsburg-Greenpoint (CD 1 Equivalent),BK01,BROOKLYN
Delancey St-Essex St,40.718315,-73.987437,M J Z,MN03 Lower East Side-Chinatown (CD 3 Equivalent),MN03,MANHATTAN
Bowery,40.72028,-73.993915,J Z,MN03 Lower East Side-Chinatown (CD 3 Equivalent),MN03,MANHATTAN
Canal St,40.718092,-73.999892,J Z,MN02 Greenwich Village-SoHo (CD 2 Equivalent),MN02,MANHATTAN
Chambers St,40.713243,-74.003401,J Z,MN01 Financial District-Tribeca (CD 1 Equivalent),MN01,MANHATTAN
Fulton St,40.710374,-74.007582,J Z,MN01 Financial District-Tribeca (CD 1 Equivalent),MN01,MANHATTAN
Broad St,40.706476,-74.011056,J Z,MN01 Financial District-Tribeca (CD 1 Equivalent),MN01,MANHATTAN
Middle Village-Metropolitan Av,40.711396,-73.889601,M,QN05 Ridgewood-Maspeth-Middle Village (CD 5 Approximation),QN05,QUEENS
Fresh Pond Rd,40.706186,-73.895877,M,QN05 Ridgewood-Maspeth-Middle Village (CD 5 Approximation),QN05,QUEENS
Forest Av,40.704423,-73.903077,M,QN05 Ridgewood-Maspeth-Middle Village (CD 5 Approximation),QN05,QUEENS
Seneca Av,40.702762,-73.90774,M,QN05 Ridgewood-Maspeth-Middle Village (CD 5 Approximation),QN05,QUEENS
Myrtle-Wyckoff Avs,40.69943,-73.912385,M,BK04 Bushwick (CD 4 Equivalent),BK04,BROOKLYN
Knickerbocker Av,40.698664,-73.919711,M,BK04 Bushwick (CD 4 Equivalent),BK04,BROOKLYN
Central Av,40.697857,-73.927397,M,BK04 Bushwick (CD 4 Equivalent),BK04,BROOKLYN
8 Av,40.739777,-74.002578,L,MN04 Chelsea-Hell's Kitchen (CD 4 Approximation),MN04,MANHATTAN
6 Av,40.737335,-73.996786,L,MN02 Greenwich Village-SoHo (CD 2 Equivalent),MN02,MANHATTAN
14 St-Union Sq,40.734789,-73.99073,L,MN02 Greenwich Village-SoHo (CD 2 Equivalent),MN02,MANHATTAN
3 Av,40.732849,-73.986122,L,MN06 East Midtown-Murray Hill (CD 6 Approximation),MN06,MANHATTAN
1 Av,40.730953,-73.981628,L,MN03 Lower East Side-Chinatown (CD 3 Equivalent),MN03,MANHATTAN
Bedford Av,40.717304,-73.956872,L,BK01 Williamsburg-Greenpoint (CD 1 Equivalent),BK01,BROOKLYN
Lorimer St,40.714063,-73.950275,L,BK01 Williamsburg-Greenpoint (CD 1 Equivalent),BK01,BROOKLYN
Graham Av,40.714565,-73.944053,L,BK01 Williamsburg-Greenpoint (CD 1 Equivalent),BK01,BROOKLYN
Grand St,40.711926,-73.94067,L,BK01 Williamsburg-Greenpoint (CD 1 Equivalent),BK01,BROOKLYN
Montrose Av,40.707739,-73.93985,L,BK01 Williamsburg-Greenpoint (CD 1 Equivalent),BK01,BROOKLYN
Morgan Av,40.706152,-73.933147,L,BK01 Williamsburg-Greenpoint (CD 1 Equivalent),BK01,BROOKLYN
Jefferson St,40.706607,-73.922913,L,BK04 Bushwick (CD 4 Equivalent),BK04,BROOKLYN
DeKalb Av,40.703811,-73.918425,L,BK04 Bushwick (CD 4 Equivalent),BK04,BROOKLYN
Myrtle-Wyckoff Avs,40.699814,-73.911586,L,BK04 Bushwick (CD 4 Equivalent),BK04,BROOKLYN
Halsey St,40.695602,-73.904084,L,QN05 Ridgewood-Maspeth-Middle Village (CD 5 Approximation),QN05,QUEENS
Wilson Av,40.688764,-73.904046,L,BK04 Bushwick (CD 4 Equivalent),BK04,BROOKLYN
Bushwick Av-Aberdeen St,40.682829,-73.905249,L,BK04 Bushwick (CD 4 Equivalent),BK04,BROOKLYN
Broadway Junction,40.678856,-73.90324,L,BK05 East New York-Cypress Hills (CD 5 Approximation),BK05,BROOKLYN
Atlantic Av,40.675345,-73.903097,L,BK05 East New York-Cypress Hills (CD 5 Approximation),BK05,BROOKLYN
Sutter Av,40.669367,-73.901975,L,BK16 Ocean Hill-Brownsville (CD 16 Approximation),BK16,BROOKLYN
Livonia Av,40.664038,-73.900571,L,BK16 Ocean Hill-Brownsville (CD 16 Approximation),BK16,BROOKLYN
New Lots Av,40.658733,-73.899232,L,BK16 Ocean Hill-Brownsville (CD 16 Approximation),BK16,BROOKLYN
East 105 St,40.650573,-73.899485,L,BK05 East New York-Cypress Hills (CD 5 Approximation),BK05,BROOKLYN
Canarsie-Rockaway Pkwy,40.646654,-73.90185,L,BK18 Canarsie-Flatlands (CD 18 Approximation),BK18,BROOKLYN
Franklin Av,40.680596,-73.955827,S,BK03 Bedford-Stuyvesant (CD 3 Approximation),BK03,BROOKLYN
Park Pl,40.674772,-73.957624,S,BK08 Crown Heights (North) (CD 8 Approximation),BK08,BROOKLYN
Botanic Garden,40.670343,-73.959245,S,BK09 Crown Heights (South) (CD 9 Approximation),BK09,BROOKLYN
Inwood-207 St,40.868072,-73.919899,A,MN12 Washington Heights-Inwood (CD 12 Equivalent),MN12,MANHATTAN
Dyckman St,40.865491,-73.927271,A,MN12 Washington Heights-Inwood (CD 12 Equivalent),MN12,MANHATTAN
190 St,40.859022,-73.93418,A,MN12 Washington Heights-Inwood (CD 12 Equivalent),MN12,MANHATTAN
181 St,40.851695,-73.937969,A,MN12 Washington Heights-Inwood (CD 12 Equivalent),MN12,MANHATTAN
175 St,40.847391,-73.939704,A,MN12 Washington Heights-Inwood (CD 12 Equivalent),MN12,MANHATTAN
168 St,40.840719,-73.939561,A C,MN12 Washington Heights-Inwood (CD 12 Equivalent),MN12,MANHATTAN
163 St-Amsterdam Av,40.836013,-73.939892,C,MN12 Washington Heights-Inwood (CD 12 Equivalent),MN12,MANHATTAN
155 St,40.830518,-73.941514,C,MN09 Morningside Heights-Hamilton Heights (CD 9 Equivalent),MN09,MANHATTAN
145 St,40.824783,-73.944216,A C,MN09 Morningside Heights-Hamilton Heights (CD 9 Equivalent),MN09,MANHATTAN
135 St,40.817894,-73.947649,C B,MN09 Morningside Heights-Hamilton Heights (CD 9 Equivalent),MN09,MANHATTAN
125 St,40.811109,-73.952343,A C B D,MN09 Morningside Heights-Hamilton Heights (CD 9 Equivalent),MN09,MANHATTAN
116 St,40.805085,-73.954882,C B,MN10 Harlem (CD 10 Equivalent),MN10,MANHATTAN
Cathedral Pkwy (110 St),40.800603,-73.958161,C B,MN10 Harlem (CD 10 Equivalent),MN10,MANHATTAN
103 St,40.796092,-73.961454,C B,MN64 Central Park (JIA 64 Equivalent),MN64,MANHATTAN
96 St,40.791642,-73.964696,C B,MN64 Central Park (JIA 64 Equivalent),MN64,MANHATTAN
86 St,40.785868,-73.968916,C B,MN64 Central Park (JIA 64 Equivalent),MN64,MANHATTAN
81 St-Museum of Natural History,40.781433,-73.972143,C B,MN64 Central Park (JIA 64 Equivalent),MN64,MANHATTAN
72 St,40.775594,-73.97641,C B,MN64 Central Park (JIA 64 Equivalent),MN64,MANHATTAN
59 St-Columbus Circle,40.768296,-73.981736,A C B D,MN07 Upper West Side (CD 7 Approximation),MN07,MANHATTAN
50 St,40.762456,-73.985984,C E,MN04 Chelsea-Hell's Kitchen (CD 4 Approximation),MN04,MANHATTAN
42 St-Port Authority Bus Terminal,40.757308,-73.989735,A C E,MN05 Midtown-Flatiron-Union Square (CD 5 Approximation),MN05,MANHATTAN
34 St-Penn Station,40.752287,-73.993391,A C E,MN05 Midtown-Flatiron-Union Square (CD 5 Approximation),MN05,MANHATTAN
23 St,40.745906,-73.998041,C E,MN04 Chelsea-Hell's Kitchen (CD 4 Approximation),MN04,MANHATTAN
14 St,40.740893,-74.00169,A C E,MN04 Chelsea-Hell's Kitchen (CD 4 Approximation),MN04,MANHATTAN
W 4 St-Wash Sq,40.732338,-74.000495,A C E,MN02 Greenwich Village-SoHo (CD 2 Equivalent),MN02,MANHATTAN
Spring St,40.726227,-74.003739,C E,MN02 Greenwich Village-SoHo (CD 2 Equivalent),MN02,MANHATTAN
Canal St,40.720824,-74.005229,A C E,MN01 Financial District-Tribeca (CD 1 Equivalent),MN01,MANHATTAN
Chambers St,40.714111,-74.008585,A C,MN01 Financial District-Tribeca (CD 1 Equivalent),MN01,MANHATTAN
World Trade Center,40.712582,-74.009781,E,MN01 Financial District-Tribeca (CD 1 Equivalent),MN01,MANHATTAN
Fulton St,40.710197,-74.007691,A C,MN01 Financial District-Tribeca (CD 1 Equivalent),MN01,MANHATTAN
High St,40.699337,-73.990531,A C,BK02 Downtown Brooklyn-Fort Greene (CD 2 Approximation),BK02,BROOKLYN
Jay St-MetroTech,40.692338,-73.987342,A C F,BK02 Downtown Brooklyn-Fort Greene (CD 2 Approximation),BK02,BROOKLYN
Hoyt-Schermerhorn Sts,40.688484,-73.985001,A C G,BK02 Downtown Brooklyn-Fort Greene (CD 2 Approximation),BK02,BROOKLYN
Lafayette Av,40.686113,-73.973946,C,BK02 Downtown Brooklyn-Fort Greene (CD 2 Approximation),BK02,BROOKLYN
Clinton-Washington Avs,40.683263,-73.965838,C,BK02 Downtown Brooklyn-Fort Greene (CD 2 Approximation),BK02,BROOKLYN
Franklin Av,40.68138,-73.956848,C,BK03 Bedford-Stuyvesant (CD 3 Approximation),BK03,BROOKLYN
Nostrand Av,40.680438,-73.950426,A C,BK03 Bedford-Stuyvesant (CD 3 Approximation),BK03,BROOKLYN
Kingston-Throop Avs,40.679921,-73.940858,C,BK03 Bedford-Stuyvesant (CD 3 Approximation),BK03,BROOKLYN
Utica Av,40.679364,-73.930729,A C,BK03 Bedford-Stuyvesant (CD 3 Approximation),BK03,BROOKLYN
Ralph Av,40.678822,-73.920786,C,BK16 Ocean Hill-Brownsville (CD 16 Approximation),BK16,BROOKLYN
Rockaway Av,40.67834,-73.911946,C,BK16 Ocean Hill-Brownsville (CD 16 Approximation),BK16,BROOKLYN
Broadway Junction,40.678334,-73.905316,A C,BK16 Ocean Hill-Brownsville (CD 16 Approximation),BK16,BROOKLYN
Liberty Av,40.674542,-73.896548,C,BK05 East New York-Cypress Hills (CD 5 Approximation),BK05,BROOKLYN
Van Siclen Av,40.67271,-73.890358,C,BK05 East New York-Cypress Hills (CD 5 Approximation),BK05,BROOKLYN
Shepherd Av,40.67413,-73.88075,C,BK05 East New York-Cypress Hills (CD 5 Approximation),BK05,BROOKLYN
Euclid Av,40.675377,-73.872106,A C,BK05 East New York-Cypress Hills (CD 5 Approximation),BK05,BROOKLYN
Grant Av,40.677044,-73.86505,A,BK05 East New York-Cypress Hills (CD 5 Approximation),BK05,BROOKLYN
80 St,40.679371,-73.858992,A,QN10 South Ozone Park-Howard Beach (CD 10 Approximation),QN10,QUEENS
88 St,40.679843,-73.85147,A,QN10 South Ozone Park-Howard Beach (CD 10 Approximation),QN10,QUEENS
Rockaway Blvd,40.680429,-73.843853,A,QN10 South Ozone Park-Howard Beach (CD 10 Approximation),QN10,QUEENS
104 St,40.681711,-73.837683,A,QN10 South Ozone Park-Howard Beach (CD 10 Approximation),QN10,QUEENS
111 St,40.684331,-73.832163,A,QN10 South Ozone Park-Howard Beach (CD 10 Approximation),QN10,QUEENS
Ozone Park-Lefferts Blvd,40.685951,-73.825798,A,QN10 South Ozone Park-Howard Beach (CD 10 Approximation),QN10,QUEENS
Aqueduct Racetrack,40.672097,-73.835919,A,QN10 South Ozone Park-Howard Beach (CD 10 Approximation),QN10,QUEENS
Aqueduct-N Conduit Av,40.668234,-73.834058,A,QN10 South Ozone Park-Howard Beach (CD 10 Approximation),QN10,QUEENS
Howard Beach-JFK Airport,40.660476,-73.830301,A,QN83 JFK International Airport (JIA 83 Approximation),QN83,QUEENS
Broad Channel,40.608382,-73.815925,A S,QN14 The Rockaways (CD 14 Approximation),QN14,QUEENS
Beach 90 St,40.588034,-73.813641,A S,QN14 The Rockaways (CD 14 Approximation),QN14,QUEENS
Beach 98 St,40.585307,-73.820558,A S,QN14 The Rockaways (CD 14 Approximation),QN14,QUEENS
Beach 105 St,40.583209,-73.827559,A S,QN14 The Rockaways (CD 14 Approximation),QN14,QUEENS
Rockaway Park-Beach 116 St,40.580903,-73.835592,A S,QN14 The Rockaways (CD 14 Approximation),QN14,QUEENS
Beach 67 St,40.590927,-73.796924,A,QN14 The Rockaways (CD 14 Approximation),QN14,QUEENS
Beach 60 St,40.592374,-73.788522,A,QN14 The Rockaways (CD 14 Approximation),QN14,QUEENS
Beach 44 St,40.592943,-73.776013,A,QN14 The Rockaways (CD 14 Approximation),QN14,QUEENS
Beach 36 St,40.595398,-73.768175,A,QN14 The Rockaways (CD 14 Approximation),QN14,QUEENS
Beach 25 St,40.600066,-73.761353,A,QN14 The Rockaways (CD 14 Approximation),QN14,QUEENS
Far Rockaway-Mott Av,40.603995,-73.755405,A,QN14 The Rockaways (CD 14 Approximation),QN14,QUEENS
Norwood-205 St,40.874811,-73.878855,D,BX07 Fordham-Bedford Park-Norwood (CD 7 Approximation),BX07,BRONX
Bedford Park Blvd,40.873244,-73.887138,B D,BX07 Fordham-Bedford Park-Norwood (CD 7 Approximation),BX07,BRONX
Kingsbridge Rd,40.866978,-73.893509,B D,BX07 Fordham-Bedford Park-Norwood (CD 7 Approximation),BX07,BRONX
Fordham Rd,40.861296,-73.897749,B D,BX05 Morris Heights-Mount Hope (CD 5 Approximation),BX05,BRONX
182-183 Sts,40.856093,-73.900741,B D,BX05 Morris Heights-Mount Hope (CD 5 Approximation),BX05,BRONX
Tremont Av,40.85041,-73.905227,B D,BX05 Morris Heights-Mount Hope (CD 5 Approximation),BX05,BRONX
174-175 Sts,40.8459,-73.910136,B D,BX05 Morris Heights-Mount Hope (CD 5 Approximation),BX05,BRONX
170 St,40.839306,-73.9134,B D,BX04 Highbridge-Concourse (CD 4 Approximation),BX04,BRONX
167 St,40.833771,-73.91844,B D,BX04 Highbridge-Concourse (CD 4 Approximation),BX04,BRONX
161 St-Yankee Stadium,40.827905,-73.925651,B D,BX04 Highbridge-Concourse (CD 4 Approximation),BX04,BRONX
155 St,40.830135,-73.938209,B D,MN10 Harlem (CD 10 Equivalent),MN10,MANHATTAN
21 St-Queensbridge,40.754203,-73.942836,M,QN01 Astoria-Queensbridge (CD 1 Equivalent),QN01,QUEENS
Roosevelt Island,40.759145,-73.95326,M,MN08 Upper East Side-Roosevelt Island (CD 8 Equivalent),MN08,MANHATTAN
Lexington Av/63 St,40.764629,-73.966113,M Q,MN08 Upper East Side-Roosevelt Island (CD 8 Equivalent),MN08,MANHATTAN
57 St,40.763972,-73.97745,M,MN05 Midtown-Flatiron-Union Square (CD 5 Approximation),MN05,MANHATTAN
47-50 Sts-Rockefeller Ctr,40.758663,-73.981329,B D F M,MN05 Midtown-Flatiron-Union Square (CD 5 Approximation),MN05,MANHATTAN
42 St-Bryant Pk,40.754222,-73.984569,B D F M,MN05 Midtown-Flatiron-Union Square (CD 5 Approximation),MN05,MANHATTAN
34 St-Herald Sq,40.749719,-73.987823,B D F M,MN05 Midtown-Flatiron-Union Square (CD 5 Approximation),MN05,MANHATTAN
23 St,40.742878,-73.992821,F M,MN05 Midtown-Flatiron-Union Square (CD 5 Approximation),MN05,MANHATTAN
14 St,40.738228,-73.996209,F M,MN04 Chelsea-Hell's Kitchen (CD 4 Approximation),MN04,MANHATTAN
Broadway-Lafayette St,40.725297,-73.996204,B D F M,MN02 Greenwich Village-SoHo (CD 2 Equivalent),MN02,MANHATTAN
Grand St,40.718267,-73.993753,B D,MN03 Lower East Side-Chinatown (CD 3 Equivalent),MN03,MANHATTAN
2 Av,40.723402,-73.989938,F,MN03 Lower East Side-Chinatown (CD 3 Equivalent),MN03,MANHATTAN
Delancey St-Essex St,40.718611,-73.988114,F,MN03 Lower East Side-Chinatown (CD 3 Equivalent),MN03,MANHATTAN
East Broadway,40.713715,-73.990173,F,MN03 Lower East Side-Chinatown (CD 3 Equivalent),MN03,MANHATTAN
York St,40.701397,-73.986751,F,BK02 Downtown Brooklyn-Fort Greene (CD 2 Approximation),BK02,BROOKLYN
Bergen St,40.686145,-73.990862,F G,BK02 Downtown Brooklyn-Fort Greene (CD 2 Approximation),BK02,BROOKLYN
Carroll St,40.680303,-73.995048,F G,BK06 Park Slope-Carroll Gardens (CD 6 Approximation),BK06,BROOKLYN
Smith-9 Sts,40.67358,-73.995959,F G,BK06 Park Slope-Carroll Gardens (CD 6 Approximation),BK06,BROOKLYN
4 Av-9 St,40.670272,-73.989779,F G,BK06 Park Slope-Carroll Gardens (CD 6 Approximation),BK06,BROOKLYN
7 Av,40.666271,-73.980305,F G,BK06 Park Slope-Carroll Gardens (CD 6 Approximation),BK06,BROOKLYN
15 St-Prospect Park,40.660365,-73.979493,F G,BK07 Sunset Park-Windsor Terrace (CD 7 Approximation),BK07,BROOKLYN
Fort Hamilton Pkwy,40.650782,-73.975776,F G,BK07 Sunset Park-Windsor Terrace (CD 7 Approximation),BK07,BROOKLYN
Church Av,40.644041,-73.979678,F G,BK12 Borough Park-Kensington (CD 12 Approximation),BK12,BROOKLYN
Ditmas Av,40.636119,-73.978172,F,BK12 Borough Park-Kensington (CD 12 Approximation),BK12,BROOKLYN
18 Av,40.629755,-73.976971,F,BK14 Flatbush-Midwood (CD 14 Approximation),BK14,BROOKLYN
Avenue I,40.625322,-73.976127,F,BK12 Borough Park-Kensington (CD 12 Approximation),BK12,BROOKLYN
Bay Pkwy,40.620769,-73.975264,F,BK12 Borough Park-Kensington (CD 12 Approximation),BK12,BROOKLYN
Avenue N,40.61514,-73.974197,F,BK12 Borough Park-Kensington (CD 12 Approximation),BK12,BROOKLYN
Avenue P,40.608944,-73.973022,F,BK12 Borough Park-Kensington (CD 12 Approximation),BK12,BROOKLYN
Kings Hwy,40.603217,-73.972361,F,BK15 Sheepshead Bay-Gravesend (East) (CD 15 Approximation),BK15,BROOKLYN
Avenue U,40.596063,-73.973357,F,BK15 Sheepshead Bay-Gravesend (East) (CD 15 Approximation),BK15,BROOKLYN
Avenue X,40.58962,-73.97425,F,BK13 Coney Island-Brighton Beach (CD 13 Approximation),BK13,BROOKLYN
Neptune Av,40.581011,-73.974574,F,BK13 Coney Island-Brighton Beach (CD 13 Approximation),BK13,BROOKLYN
Jamaica-179 St,40.712646,-73.783817,F,QN12 Jamaica-St. Albans-Hollis (CD 12 Approximation),QN12,QUEENS
169 St,40.71047,-73.793604,F,QN12 Jamaica-St. Albans-Hollis (CD 12 Approximation),QN12,QUEENS
Parsons Blvd,40.707564,-73.803326,F,QN12 Jamaica-St. Albans-Hollis (CD 12 Approximation),QN12,QUEENS
Sutphin Blvd,40.70546,-73.810708,F,QN12 Jamaica-St. Albans-Hollis (CD 12 Approximation),QN12,QUEENS
Briarwood,40.709179,-73.820574,E F,QN09 Kew Gardens-Richmond Hill-Woodhaven (CD 9 Approximation),QN09,QUEENS
Kew Gardens-Union Tpke,40.714441,-73.831008,E F,QN81 Flushing Meadows-Corona Park (JIA 81 Approximation),QN81,QUEENS
75 Av,40.718331,-73.837324,E F,QN06 Forest Hills-Rego Park (CD 6 Approximation),QN06,QUEENS
Forest Hills-71 Av,40.721691,-73.844521,E F M R,QN06 Forest Hills-Rego Park (CD 6 Approximation),QN06,QUEENS
67 Av,40.726523,-73.852719,M R,QN06 Forest Hills-Rego Park (CD 6 Approximation),QN06,QUEENS
63 Dr-Rego Park,40.729846,-73.861604,M R,QN06 Forest Hills-Rego Park (CD 6 Approximation),QN06,QUEENS
Woodhaven Blvd,40.733106,-73.869229,M R,QN04 Elmhurst-Corona (CD 4 Approximation),QN04,QUEENS
Grand Av-Newtown,40.737015,-73.877223,M R,QN04 Elmhurst-Corona (CD 4 Approximation),QN04,QUEENS
Elmhurst Av,40.742454,-73.882017,M R,QN04 Elmhurst-Corona (CD 4 Approximation),QN04,QUEENS
Jackson Hts-Roosevelt Av,40.746644,-73.891338,E F M R,QN04 Elmhurst-Corona (CD 4 Approximation),QN04,QUEENS
65 St,40.749669,-73.898453,M R,QN02 Long Island City-Sunnyside-Woodside (CD 2 Approximation),QN02,QUEENS
Northern Blvd,40.752885,-73.906006,M R,QN02 Long Island City-Sunnyside-Woodside (CD 2 Approximation),QN02,QUEENS
46 St,40.756312,-73.913333,M R,QN01 Astoria-Queensbridge (CD 1 Equivalent),QN01,QUEENS
Steinway St,40.756879,-73.92074,M R,QN01 Astoria-Queensbridge (CD 1 Equivalent),QN01,QUEENS
36 St,40.752039,-73.928781,M R,QN01 Astoria-Queensbridge (CD 1 Equivalent),QN01,QUEENS
Queens Plaza,40.748973,-73.937243,E F R,QN01 Astoria-Queensbridge (CD 1 Equivalent),QN01,QUEENS
Court Sq-23 St,40.747846,-73.946,E F,QN02 Long Island City-Sunnyside-Woodside (CD 2 Approximation),QN02,QUEENS
Lexington Av/53 St,40.757552,-73.969055,E F,MN06 East Midtown-Murray Hill (CD 6 Approximation),MN06,MANHATTAN
5 Av/53 St,40.760167,-73.975224,E F,MN05 Midtown-Flatiron-Union Square (CD 5 Approximation),MN05,MANHATTAN
7 Av,40.762862,-73.981637,E B D,MN05 Midtown-Flatiron-Union Square (CD 5 Approximation),MN05,MANHATTAN
Jamaica Center-Parsons/Archer,40.702147,-73.801109,E J Z,QN12 Jamaica-St. Albans-Hollis (CD 12 Approximation),QN12,QUEENS
Sutphin Blvd-Archer Av-JFK Airport,40.700486,-73.807969,E J Z,QN12 Jamaica-St. Albans-Hollis (CD 12 Approximation),QN12,QUEENS
Jamaica-Van Wyck,40.702566,-73.816859,E,QN09 Kew Gardens-Richmond Hill-Woodhaven (CD 9 Approximation),QN09,QUEENS
Court Sq,40.746554,-73.943832,G,QN02 Long Island City-Sunnyside-Woodside (CD 2 Approximation),QN02,QUEENS
21 St,40.744065,-73.949724,G,QN02 Long Island City-Sunnyside-Woodside (CD 2 Approximation),QN02,QUEENS
Greenpoint Av,40.731352,-73.954449,G,BK01 Williamsburg-Greenpoint (CD 1 Equivalent),BK01,BROOKLYN
Nassau Av,40.724635,-73.951277,G,BK01 Williamsburg-Greenpoint (CD 1 Equivalent),BK01,BROOKLYN
Metropolitan Av,40.712792,-73.951418,G,BK01 Williamsburg-Greenpoint (CD 1 Equivalent),BK01,BROOKLYN
Broadway,40.706092,-73.950308,G,BK01 Williamsburg-Greenpoint (CD 1 Equivalent),BK01,BROOKLYN
Flushing Av,40.700377,-73.950234,G,BK01 Williamsburg-Greenpoint (CD 1 Equivalent),BK01,BROOKLYN
Myrtle-Willoughby Avs,40.694568,-73.949046,G,BK03 Bedford-Stuyvesant (CD 3 Approximation),BK03,BROOKLYN
Bedford-Nostrand Avs,40.689627,-73.953522,G,BK03 Bedford-Stuyvesant (CD 3 Approximation),BK03,BROOKLYN
Classon Av,40.688873,-73.96007,G,BK02 Downtown Brooklyn-Fort Greene (CD 2 Approximation),BK02,BROOKLYN
Clinton-Washington Avs,40.688089,-73.966839,G,BK02 Downtown Brooklyn-Fort Greene (CD 2 Approximation),BK02,BROOKLYN
Fulton St,40.687119,-73.975375,G,BK02 Downtown Brooklyn-Fort Greene (CD 2 Approximation),BK02,BROOKLYN
Van Cortlandt Park-242 St,40.889248,-73.898583,1,BX08 Riverdale-Kingsbridge-Marble Hill (CD 8 Approximation),BX08,BRONX
238 St,40.884667,-73.90087,1,BX08 Riverdale-Kingsbridge-Marble Hill (CD 8 Approximation),BX08,BRONX
231 St,40.878856,-73.904834,1,BX08 Riverdale-Kingsbridge-Marble Hill (CD 8 Approximation),BX08,BRONX
Marble Hill-225 St,40.874561,-73.909831,1,BX08 Riverdale-Kingsbridge-Marble Hill (CD 8 Approximation),BX08,BRONX
215 St,40.869444,-73.915279,1,MN12 Washington Heights-Inwood (CD 12 Equivalent),MN12,MANHATTAN
207 St,40.864621,-73.918822,1,MN12 Washington Heights-Inwood (CD 12 Equivalent),MN12,MANHATTAN
Dyckman St,40.860531,-73.925536,1,MN12 Washington Heights-Inwood (CD 12 Equivalent),MN12,MANHATTAN
191 St,40.855225,-73.929412,1,MN12 Washington Heights-Inwood (CD 12 Equivalent),MN12,MANHATTAN
181 St,40.849505,-73.933596,1,MN12 Washington Heights-Inwood (CD 12 Equivalent),MN12,MANHATTAN
168 St-Washington Hts,40.840556,-73.940133,1,MN12 Washington Heights-Inwood (CD 12 Equivalent),MN12,MANHATTAN
157 St,40.834041,-73.94489,1,MN12 Washington Heights-Inwood (CD 12 Equivalent),MN12,MANHATTAN
145 St,40.826551,-73.95036,1,MN09 Morningside Heights-Hamilton Heights (CD 9 Equivalent),MN09,MANHATTAN
137 St-City College,40.822008,-73.953676,1,MN09 Morningside Heights-Hamilton Heights (CD 9 Equivalent),MN09,MANHATTAN
125 St,40.815581,-73.958372,1,MN09 Morningside Heights-Hamilton Heights (CD 9 Equivalent),MN09,MANHATTAN
116 St-Columbia University,40.807722,-73.96411,1,MN09 Morningside Heights-Hamilton Heights (CD 9 Equivalent),MN09,MANHATTAN
Cathedral Pkwy (110 St),40.803967,-73.966847,1,MN07 Upper West Side (CD 7 Approximation),MN07,MANHATTAN
103 St,40.799446,-73.968379,1,MN07 Upper West Side (CD 7 Approximation),MN07,MANHATTAN
96 St,40.793919,-73.972323,1 2 3,MN07 Upper West Side (CD 7 Approximation),MN07,MANHATTAN
86 St,40.788644,-73.976218,1,MN07 Upper West Side (CD 7 Approximation),MN07,MANHATTAN
79 St,40.783934,-73.979917,1,MN07 Upper West Side (CD 7 Approximation),MN07,MANHATTAN
72 St,40.778453,-73.98197,1 2 3,MN07 Upper West Side (CD 7 Approximation),MN07,MANHATTAN
66 St-Lincoln Center,40.77344,-73.982209,1,MN07 Upper West Side (CD 7 Approximation),MN07,MANHATTAN
59 St-Columbus Circle,40.768247,-73.981929,1,MN07 Upper West Side (CD 7 Approximation),MN07,MANHATTAN
50 St,40.761728,-73.983849,1,MN05 Midtown-Flatiron-Union Square (CD 5 Approximation),MN05,MANHATTAN
Times Sq-42 St,40.75529,-73.987495,1 2 3,MN05 Midtown-Flatiron-Union Square (CD 5 Approximation),MN05,MANHATTAN
34 St-Penn Station,40.750373,-73.991057,1 2 3,MN05 Midtown-Flatiron-Union Square (CD 5 Approximation),MN05,MANHATTAN
28 St,40.747215,-73.993365,1,MN05 Midtown-Flatiron-Union Square (CD 5 Approximation),MN05,MANHATTAN
23 St,40.744081,-73.995657,1,MN04 Chelsea-Hell's Kitchen (CD 4 Approximation),MN04,MANHATTAN
18 St,40.74104,-73.997871,1,MN04 Chelsea-Hell's Kitchen (CD 4 Approximation),MN04,MANHATTAN
14 St,40.737826,-74.000201,1 2 3,MN02 Greenwich Village-SoHo (CD 2 Equivalent),MN02,MANHATTAN
Christopher St-Stonewall,40.733422,-74.002906,1,MN02 Greenwich Village-SoHo (CD 2 Equivalent),MN02,MANHATTAN
Houston St,40.728251,-74.005367,1,MN02 Greenwich Village-SoHo (CD 2 Equivalent),MN02,MANHATTAN
Canal St,40.722854,-74.006277,1,MN02 Greenwich Village-SoHo (CD 2 Equivalent),MN02,MANHATTAN
Franklin St,40.719318,-74.006886,1,MN01 Financial District-Tribeca (CD 1 Equivalent),MN01,MANHATTAN
Chambers St,40.715478,-74.009266,1 2 3,MN01 Financial District-Tribeca (CD 1 Equivalent),MN01,MANHATTAN
WTC Cortlandt,40.711835,-74.012188,1,MN01 Financial District-Tribeca (CD 1 Equivalent),MN01,MANHATTAN
Rector St,40.707513,-74.013783,1,MN01 Financial District-Tribeca (CD 1 Equivalent),MN01,MANHATTAN
South Ferry,40.702068,-74.013664,1,MN01 Financial District-Tribeca (CD 1 Equivalent),MN01,MANHATTAN
Park Place,40.713051,-74.008811,2 3,MN01 Financial District-Tribeca (CD 1 Equivalent),MN01,MANHATTAN
Fulton St,40.709416,-74.006571,2 3,MN01 Financial District-Tribeca (CD 1 Equivalent),MN01,MANHATTAN
Wall St,40.706821,-74.0091,2 3,MN01 Financial District-Tribeca (CD 1 Equivalent),MN01,MANHATTAN
Clark St,40.697466,-73.993086,2 3,BK02 Downtown Brooklyn-Fort Greene (CD 2 Approximation),BK02,BROOKLYN
Borough Hall,40.693219,-73.989998,2 3,BK02 Downtown Brooklyn-Fort Greene (CD 2 Approximation),BK02,BROOKLYN
Hoyt St,40.690545,-73.985065,2 3,BK02 Downtown Brooklyn-Fort Greene (CD 2 Approximation),BK02,BROOKLYN
Nevins St,40.688246,-73.980492,2 3 4 5,BK02 Downtown Brooklyn-Fort Greene (CD 2 Approximation),BK02,BROOKLYN
Atlantic Av-Barclays Ctr,40.684359,-73.977666,2 3 4 5,BK02 Downtown Brooklyn-Fort Greene (CD 2 Approximation),BK02,BROOKLYN
Bergen St,40.680829,-73.975098,2 3,BK06 Park Slope-Carroll Gardens (CD 6 Approximation),BK06,BROOKLYN
Grand Army Plaza,40.675235,-73.971046,2 3,BK06 Park Slope-Carroll Gardens (CD 6 Approximation),BK06,BROOKLYN
Eastern Pkwy-Brooklyn Museum,40.671987,-73.964375,2 3,BK55 Prospect Park (JIA 55 Approximation),BK55,BROOKLYN
Franklin Av-Medgar Evers College,40.670682,-73.958131,2 3 4 5,BK09 Crown Heights (South) (CD 9 Approximation),BK09,BROOKLYN
Nostrand Av,40.669847,-73.950466,3,BK09 Crown Heights (South) (CD 9 Approximation),BK09,BROOKLYN
Kingston Av,40.669399,-73.942161,3,BK09 Crown Heights (South) (CD 9 Approximation),BK09,BROOKLYN
Crown Hts-Utica Av,40.668897,-73.932942,3 4,BK09 Crown Heights (South) (CD 9 Approximation),BK09,BROOKLYN
Sutter Av-Rutland Rd,40.664717,-73.92261,3,BK16 Ocean Hill-Brownsville (CD 16 Approximation),BK16,BROOKLYN
Saratoga Av,40.661453,-73.916327,3,BK16 Ocean Hill-Brownsville (CD 16 Approximation),BK16,BROOKLYN
Rockaway Av,40.662549,-73.908946,3,BK16 Ocean Hill-Brownsville (CD 16 Approximation),BK16,BROOKLYN
Junius St,40.663515,-73.902447,3,BK16 Ocean Hill-Brownsville (CD 16 Approximation),BK16,BROOKLYN
Pennsylvania Av,40.664635,-73.894895,3,BK05 East New York-Cypress Hills (CD 5 Approximation),BK05,BROOKLYN
Van Siclen Av,40.665449,-73.889395,3,BK05 East New York-Cypress Hills (CD 5 Approximation),BK05,BROOKLYN
New Lots Av,40.666235,-73.884079,3,BK05 East New York-Cypress Hills (CD 5 Approximation),BK05,BROOKLYN
President St-Medgar Evers College,40.667883,-73.950683,2 5,BK09 Crown Heights (South) (CD 9 Approximation),BK09,BROOKLYN
Sterling St,40.662742,-73.95085,2 5,BK09 Crown Heights (South) (CD 9 Approximation),BK09,BROOKLYN
Winthrop St,40.656652,-73.9502,2 5,BK09 Crown Heights (South) (CD 9 Approximation),BK09,BROOKLYN
Church Av,40.650843,-73.949575,2 5,BK17 East Flatbush (CD 17 Approximation),BK17,BROOKLYN
Beverly Rd,40.645098,-73.948959,2 5,BK17 East Flatbush (CD 17 Approximation),BK17,BROOKLYN
Newkirk Av-Little Haiti,40.639967,-73.948411,2 5,BK17 East Flatbush (CD 17 Approximation),BK17,BROOKLYN
Flatbush Av-Brooklyn College,40.632836,-73.947642,2 5,BK14 Flatbush-Midwood (CD 14 Approximation),BK14,BROOKLYN
Pelham Bay Park,40.852462,-73.828121,6,BX10 Co-op City-Throgs Neck (CD 10 Approximation),BX10,BRONX
Buhre Av,40.84681,-73.832569,6,BX10 Co-op City-Throgs Neck (CD 10 Approximation),BX10,BRONX
Middletown Rd,40.843863,-73.836322,6,BX10 Co-op City-Throgs Neck (CD 10 Approximation),BX10,BRONX
Westchester Sq-E Tremont Av,40.839892,-73.842952,6,BX10 Co-op City-Throgs Neck (CD 10 Approximation),BX10,BRONX
Zerega Av,40.836488,-73.847036,6,BX10 Co-op City-Throgs Neck (CD 10 Approximation),BX10,BRONX
Castle Hill Av,40.834255,-73.851222,6,BX10 Co-op City-Throgs Neck (CD 10 Approximation),BX10,BRONX
Parkchester,40.833226,-73.860816,6,BX09 Soundview-Parkchester (CD 9 Approximation),BX09,BRONX
St Lawrence Av,40.831509,-73.867618,6,BX09 Soundview-Parkchester (CD 9 Approximation),BX09,BRONX
Morrison Av-Soundview,40.829521,-73.874516,6,BX09 Soundview-Parkchester (CD 9 Approximation),BX09,BRONX
Elder Av,40.828584,-73.879159,6,BX09 Soundview-Parkchester (CD 9 Approximation),BX09,BRONX
Whitlock Av,40.826525,-73.886283,6,BX02 Longwood-Hunts Point (CD 2 Approximation),BX02,BRONX
Hunts Point Av,40.820948,-73.890549,6,BX02 Longwood-Hunts Point (CD 2 Approximation),BX02,BRONX
Longwood Av,40.816104,-73.896435,6,BX02 Longwood-Hunts Point (CD 2 Approximation),BX02,BRONX
E 149 St,40.812118,-73.904098,6,BX02 Longwood-Hunts Point (CD 2 Approximation),BX02,BRONX
E 143 St-St Mary's St,40.808719,-73.907657,6,BX01 Melrose-Mott Haven-Port Morris (CD 1 Approximation),BX01,BRONX
Cypress Av,40.805368,-73.914042,6,BX01 Melrose-Mott Haven-Port Morris (CD 1 Approximation),BX01,BRONX
Brook Av,40.807566,-73.91924,6,BX01 Melrose-Mott Haven-Port Morris (CD 1 Approximation),BX01,BRONX
3 Av-138 St,40.810476,-73.926138,6,BX01 Melrose-Mott Haven-Port Morris (CD 1 Approximation),BX01,BRONX
Woodlawn,40.886037,-73.878751,4,BX07 Fordham-Bedford Park-Norwood (CD 7 Approximation),BX07,BRONX
Mosholu Pkwy,40.87975,-73.884655,4,BX07 Fordham-Bedford Park-Norwood (CD 7 Approximation),BX07,BRONX
Bedford Park Blvd-Lehman College,40.873412,-73.890064,4,BX07 Fordham-Bedford Park-Norwood (CD 7 Approximation),BX07,BRONX
Kingsbridge Rd,40.86776,-73.897174,4,BX07 Fordham-Bedford Park-Norwood (CD 7 Approximation),BX07,BRONX
Fordham Rd,40.862803,-73.901034,4,BX07 Fordham-Bedford Park-Norwood (CD 7 Approximation),BX07,BRONX
183 St,40.858407,-73.903879,4,BX05 Morris Heights-Mount Hope (CD 5 Approximation),BX05,BRONX
Burnside Av,40.853453,-73.907684,4,BX05 Morris Heights-Mount Hope (CD 5 Approximation),BX05,BRONX
176 St,40.84848,-73.911794,4,BX05 Morris Heights-Mount Hope (CD 5 Approximation),BX05,BRONX
Mt Eden Av,40.844434,-73.914685,4,BX04 Highbridge-Concourse (CD 4 Approximation),BX04,BRONX
170 St,40.840075,-73.917791,4,BX04 Highbridge-Concourse (CD 4 Approximation),BX04,BRONX
167 St,40.835537,-73.9214,4,BX04 Highbridge-Concourse (CD 4 Approximation),BX04,BRONX
161 St-Yankee Stadium,40.827994,-73.925831,4,BX04 Highbridge-Concourse (CD 4 Approximation),BX04,BRONX
149 St-Grand Concourse,40.818375,-73.927351,4,BX01 Melrose-Mott Haven-Port Morris (CD 1 Approximation),BX01,BRONX
138 St-Grand Concourse,40.813224,-73.929849,4 5,BX01 Melrose-Mott Haven-Port Morris (CD 1 Approximation),BX01,BRONX
125 St,40.804138,-73.937594,4 5 6,MN11 East Harlem (CD 11 Equivalent),MN11,MANHATTAN
116 St,40.798629,-73.941617,6,MN11 East Harlem (CD 11 Equivalent),MN11,MANHATTAN
110 St,40.79502,-73.94425,6,MN11 East Harlem (CD 11 Equivalent),MN11,MANHATTAN
103 St,40.7906,-73.947478,6,MN11 East Harlem (CD 11 Equivalent),MN11,MANHATTAN
96 St,40.785672,-73.95107,6,MN08 Upper East Side-Roosevelt Island (CD 8 Equivalent),MN08,MANHATTAN
86 St,40.779492,-73.955589,4 5 6,MN08 Upper East Side-Roosevelt Island (CD 8 Equivalent),MN08,MANHATTAN
77 St,40.77362,-73.959874,6,MN08 Upper East Side-Roosevelt Island (CD 8 Equivalent),MN08,MANHATTAN
68 St-Hunter College,40.768141,-73.96387,6,MN08 Upper East Side-Roosevelt Island (CD 8 Equivalent),MN08,MANHATTAN
59 St,40.762526,-73.967967,4 5 6,MN08 Upper East Side-Roosevelt Island (CD 8 Equivalent),MN08,MANHATTAN
51 St,40.757107,-73.97192,6,MN06 East Midtown-Murray Hill (CD 6 Approximation),MN06,MANHATTAN
Grand Central-42 St,40.751776,-73.976848,4 5 6,MN06 East Midtown-Murray Hill (CD 6 Approximation),MN06,MANHATTAN
33 St,40.746081,-73.982076,6,MN05 Midtown-Flatiron-Union Square (CD 5 Approximation),MN05,MANHATTAN
28 St,40.74307,-73.984264,6,MN05 Midtown-Flatiron-Union Square (CD 5 Approximation),MN05,MANHATTAN
23 St-Baruch College,40.739864,-73.986599,6,MN05 Midtown-Flatiron-Union Square (CD 5 Approximation),MN05,MANHATTAN
14 St-Union Sq,40.734673,-73.989951,4 5 6,MN05 Midtown-Flatiron-Union Square (CD 5 Approximation),MN05,MANHATTAN
Astor Pl,40.730054,-73.99107,6,MN02 Greenwich Village-SoHo (CD 2 Equivalent),MN02,MANHATTAN
Bleecker St,40.725915,-73.994659,6,MN02 Greenwich Village-SoHo (CD 2 Equivalent),MN02,MANHATTAN
Spring St,40.722301,-73.997141,6,MN02 Greenwich Village-SoHo (CD 2 Equivalent),MN02,MANHATTAN
Canal St,40.718803,-74.000193,6,MN02 Greenwich Village-SoHo (CD 2 Equivalent),MN02,MANHATTAN
Brooklyn Bridge-City Hall,40.713065,-74.004131,4 5 6,MN01 Financial District-Tribeca (CD 1 Equivalent),MN01,MANHATTAN
Fulton St,40.710368,-74.009509,4 5,MN01 Financial District-Tribeca (CD 1 Equivalent),MN01,MANHATTAN
Wall St,40.707557,-74.011862,4 5,MN01 Financial District-Tribeca (CD 1 Equivalent),MN01,MANHATTAN
Bowling Green,40.704817,-74.014065,4 5,MN01 Financial District-Tribeca (CD 1 Equivalent),MN01,MANHATTAN
Borough Hall,40.692404,-73.990151,4 5,BK02 Downtown Brooklyn-Fort Greene (CD 2 Approximation),BK02,BROOKLYN
Wakefield-241 St,40.903125,-73.85062,2,BX12 Wakefield-Williamsbridge-Eastchester (CD 12 Approximation),BX12,BRONX
Nereid Av,40.898379,-73.854376,2 5,BX12 Wakefield-Williamsbridge-Eastchester (CD 12 Approximation),BX12,BRONX
233 St,40.893193,-73.857473,2 5,BX12 Wakefield-Williamsbridge-Eastchester (CD 12 Approximation),BX12,BRONX
225 St,40.888022,-73.860341,2 5,BX12 Wakefield-Williamsbridge-Eastchester (CD 12 Approximation),BX12,BRONX
219 St,40.883895,-73.862633,2 5,BX12 Wakefield-Williamsbridge-Eastchester (CD 12 Approximation),BX12,BRONX
Gun Hill Rd,40.87785,-73.866256,2 5,BX12 Wakefield-Williamsbridge-Eastchester (CD 12 Approximation),BX12,BRONX
Burke Av,40.871356,-73.867164,2 5,BX12 Wakefield-Williamsbridge-Eastchester (CD 12 Approximation),BX12,BRONX
Allerton Av,40.865462,-73.867352,2 5,BX11 Pelham Parkway-Morris Park (CD 11 Approximation),BX11,BRONX
Pelham Pkwy,40.857192,-73.867615,2 5,BX11 Pelham Parkway-Morris Park (CD 11 Approximation),BX11,BRONX
Bronx Park East,40.848828,-73.868457,2 5,BX06 Tremont-Belmont-West Farms (CD 6 Approximation),BX06,BRONX
E 180 St,40.841894,-73.873488,2 5,BX06 Tremont-Belmont-West Farms (CD 6 Approximation),BX06,BRONX
West Farms Sq-E Tremont Av,40.840295,-73.880049,2 5,BX06 Tremont-Belmont-West Farms (CD 6 Approximation),BX06,BRONX
174 St,40.837288,-73.887734,2 5,BX03 Morrisania-Crotona Park East (CD 3 Approximation),BX03,BRONX
Freeman St,40.829993,-73.891865,2 5,BX03 Morrisania-Crotona Park East (CD 3 Approximation),BX03,BRONX
Simpson St,40.824073,-73.893064,2 5,BX02 Longwood-Hunts Point (CD 2 Approximation),BX02,BRONX
Intervale Av,40.822181,-73.896736,2 5,BX02 Longwood-Hunts Point (CD 2 Approximation),BX02,BRONX
Prospect Av,40.819585,-73.90177,2 5,BX01 Melrose-Mott Haven-Port Morris (CD 1 Approximation),BX01,BRONX
Jackson Av,40.81649,-73.907807,2 5,BX01 Melrose-Mott Haven-Port Morris (CD 1 Approximation),BX01,BRONX
3 Av-149 St,40.816109,-73.917757,2 5,BX01 Melrose-Mott Haven-Port Morris (CD 1 Approximation),BX01,BRONX
149 St-Grand Concourse,40.81841,-73.926718,2 5,BX01 Melrose-Mott Haven-Port Morris (CD 1 Approximation),BX01,BRONX
Harlem-148 St,40.82388,-73.93647,3,MN10 Harlem (CD 10 Equivalent),MN10,MANHATTAN
145 St,40.820421,-73.936245,3,MN10 Harlem (CD 10 Equivalent),MN10,MANHATTAN
135 St,40.814229,-73.94077,2 3,MN10 Harlem (CD 10 Equivalent),MN10,MANHATTAN
125 St,40.807754,-73.945495,2 3,MN10 Harlem (CD 10 Equivalent),MN10,MANHATTAN
116 St,40.802098,-73.949625,2 3,MN10 Harlem (CD 10 Equivalent),MN10,MANHATTAN
110 St-Malcolm X Plaza,40.799075,-73.951822,2 3,MN10 Harlem (CD 10 Equivalent),MN10,MANHATTAN
Eastchester-Dyre Av,40.8883,-73.830834,5,BX12 Wakefield-Williamsbridge-Eastchester (CD 12 Approximation),BX12,BRONX
Baychester Av,40.878663,-73.838591,5,BX12 Wakefield-Williamsbridge-Eastchester (CD 12 Approximation),BX12,BRONX
Gun Hill Rd,40.869526,-73.846384,5,BX11 Pelham Parkway-Morris Park (CD 11 Approximation),BX11,BRONX
Pelham Pkwy,40.858985,-73.855359,5,BX11 Pelham Parkway-Morris Park (CD 11 Approximation),BX11,BRONX
Morris Park,40.854364,-73.860495,5,BX11 Pelham Parkway-Morris Park (CD 11 Approximation),BX11,BRONX
Flushing-Main St,40.7596,-73.83003,7,QN07 Flushing-Murray Hill-Whitestone (CD 7 Approximation),QN07,QUEENS
Mets-Willets Point,40.754622,-73.845625,7,QN81 Flushing Meadows-Corona Park (JIA 81 Approximation),QN81,QUEENS
111 St,40.75173,-73.855334,7,QN03 Jackson Heights-East Elmhurst (CD 3 Approximation),QN03,QUEENS
103 St-Corona Plaza,40.749865,-73.8627,7,QN04 Elmhurst-Corona (CD 4 Approximation),QN04,QUEENS
Junction Blvd,40.749145,-73.869527,7,QN04 Elmhurst-Corona (CD 4 Approximation),QN04,QUEENS
90 St-Elmhurst Av,40.748408,-73.876613,7,QN03 Jackson Heights-East Elmhurst (CD 3 Approximation),QN03,QUEENS
82 St-Jackson Hts,40.747659,-73.883697,7,QN03 Jackson Heights-East Elmhurst (CD 3 Approximation),QN03,QUEENS
74 St-Broadway,40.746848,-73.891394,7,QN04 Elmhurst-Corona (CD 4 Approximation),QN04,QUEENS
69 St,40.746325,-73.896403,7,QN02 Long Island City-Sunnyside-Woodside (CD 2 Approximation),QN02,QUEENS
61 St-Woodside,40.74563,-73.902984,7,QN02 Long Island City-Sunnyside-Woodside (CD 2 Approximation),QN02,QUEENS
52 St,40.744149,-73.912549,7,QN02 Long Island City-Sunnyside-Woodside (CD 2 Approximation),QN02,QUEENS
46 St-Bliss St,40.743132,-73.918435,7,QN02 Long Island City-Sunnyside-Woodside (CD 2 Approximation),QN02,QUEENS
40 St-Lowery St,40.743781,-73.924016,7,QN02 Long Island City-Sunnyside-Woodside (CD 2 Approximation),QN02,QUEENS
33 St-Rawson St,40.744587,-73.930997,7,QN02 Long Island City-Sunnyside-Woodside (CD 2 Approximation),QN02,QUEENS
Queensboro Plaza,40.750582,-73.940202,N W,QN02 Long Island City-Sunnyside-Woodside (CD 2 Approximation),QN02,QUEENS
Court Sq,40.747023,-73.945264,7,QN02 Long Island City-Sunnyside-Woodside (CD 2 Approximation),QN02,QUEENS
Hunters Point Av,40.742216,-73.948916,7,QN02 Long Island City-Sunnyside-Woodside (CD 2 Approximation),QN02,QUEENS
Vernon Blvd-Jackson Av,40.742626,-73.953581,7,QN02 Long Island City-Sunnyside-Woodside (CD 2 Approximation),QN02,QUEENS
Grand Central-42 St,40.751431,-73.976041,7,MN06 East Midtown-Murray Hill (CD 6 Approximation),MN06,MANHATTAN
5 Av,40.753821,-73.981963,7,MN05 Midtown-Flatiron-Union Square (CD 5 Approximation),MN05,MANHATTAN
Times Sq-42 St,40.755477,-73.987691,7,MN05 Midtown-Flatiron-Union Square (CD 5 Approximation),MN05,MANHATTAN
Times Sq-42 St,40.755983,-73.986229,S,MN05 Midtown-Flatiron-Union Square (CD 5 Approximation),MN05,MANHATTAN
Grand Central-42 St,40.752769,-73.979189,S,MN05 Midtown-Flatiron-Union Square (CD 5 Approximation),MN05,MANHATTAN
34 St-Hudson Yards,40.755882,-74.00191,7,MN04 Chelsea-Hell's Kitchen (CD 4 Approximation),MN04,MANHATTAN
96 St,40.784318,-73.947152,Q,MN11 East Harlem (CD 11 Equivalent),MN11,MANHATTAN
86 St,40.777891,-73.951787,Q,MN08 Upper East Side-Roosevelt Island (CD 8 Equivalent),MN08,MANHATTAN
72 St,40.768799,-73.958424,Q,MN08 Upper East Side-Roosevelt Island (CD 8 Equivalent),MN08,MANHATTAN
St George,40.643748,-74.073643,SIR,SI01 North Shore (CD 1 Equivalent),SI01,STATEN ISLAND
Tompkinsville,40.636949,-74.074835,SIR,SI01 North Shore (CD 1 Equivalent),SI01,STATEN ISLAND
Stapleton,40.627915,-74.075162,SIR,SI01 North Shore (CD 1 Equivalent),SI01,STATEN ISLAND
Clifton,40.621319,-74.071402,SIR,SI01 North Shore (CD 1 Equivalent),SI01,STATEN ISLAND
Grasmere,40.603117,-74.084087,SIR,SI02 Mid-Island (CD 2 Approximation),SI02,STATEN ISLAND
Old Town,40.596612,-74.087368,SIR,SI02 Mid-Island (CD 2 Approximation),SI02,STATEN ISLAND
Dongan Hills,40.588849,-74.09609,SIR,SI02 Mid-Island (CD 2 Approximation),SI02,STATEN ISLAND
Jefferson Av,40.583591,-74.103338,SIR,SI02 Mid-Island (CD 2 Approximation),SI02,STATEN ISLAND
Grant City,40.578965,-74.109704,SIR,SI02 Mid-Island (CD 2 Approximation),SI02,STATEN ISLAND
New Dorp,40.57348,-74.11721,SIR,SI02 Mid-Island (CD 2 Approximation),SI02,STATEN ISLAND
Oakwood Heights,40.56511,-74.12632,SIR,SI03 South Shore (CD 3 Approximation),SI03,STATEN ISLAND
Bay Terrace,40.5564,-74.136907,SIR,SI03 South Shore (CD 3 Approximation),SI03,STATEN ISLAND
Great Kills,40.551231,-74.151399,SIR,SI03 South Shore (CD 3 Approximation),SI03,STATEN ISLAND
Eltingville,40.544601,-74.16457,SIR,SI03 South Shore (CD 3 Approximation),SI03,STATEN ISLAND
Annadale,40.54046,-74.178217,SIR,SI03 South Shore (CD 3 Approximation),SI03,STATEN ISLAND
Huguenot,40.533674,-74.191794,SIR,SI03 South Shore (CD 3 Approximation),SI03,STATEN ISLAND
Prince's Bay,40.525507,-74.200064,SIR,SI03 South Shore (CD 3 Approximation),SI03,STATEN ISLAND
Pleasant Plains,40.52241,-74.217847,SIR,SI03 South Shore (CD 3 Approximation),SI03,STATEN ISLAND
Richmond Valley,40.519631,-74.229141,SIR,SI03 South Shore (CD 3 Approximation),SI03,STATEN ISLAND
Tottenville,40.512764,-74.251961,SIR,SI03 South Shore (CD 3 Approximation),SI03,STATEN ISLAND
Arthur Kill,40.516578,-74.242096,SIR,SI03 South Shore (CD 3 Approximation),SI03,STATEN ISLAND
